hotel	user
57	1
52	2
62	3
66	4
56	5
17	6
41	7
65	8
16	9
33	10
46	11
61	12
17	13
59	14
17	15
17	16
27	17
64	18
60	19
17	20
60	21
33	22
46	23
45	24
19	25
60	26
56	27
61	28
17	29
20	30
65	31
2	32
57	33
56	34
34	35
55	36
10	37
12	38
24	39
42	40
38	41
64	42
53	43
20	44
56	45
58	46
65	47
57	48
10	49
3	50
56	51
20	52
26	53
33	54
11	55
56	56
53	57
20	58
45	59
56	60
33	61
17	62
64	63
12	64
49	65
61	66
33	67
64	68
26	69
17	70
41	71
19	72
63	73
38	74
41	75
17	76
60	77
55	78
33	79
33	80
11	81
7	82
56	83
59	84
35	85
52	86
60	87
64	88
18	89
19	90
63	91
18	92
55	93
57	94
64	95
11	96
23	97
11	98
19	99
39	100
61	101
12	102
55	103
46	104
64	105
19	106
41	107
60	108
45	109
8	110
56	111
12	112
52	113
55	114
15	115
3	116
42	117
19	118
19	119
49	120
3	121
34	122
14	123
66	124
39	125
53	126
48	127
18	128
59	129
65	130
42	131
65	132
55	133
60	134
12	135
20	136
35	137
19	138
19	139
17	140
34	141
55	142
45	143
56	144
42	145
42	146
10	147
35	148
38	149
48	150
17	151
17	152
37	153
53	154
59	155
64	156
42	157
20	158
53	159
20	160
52	161
45	162
38	163
18	164
24	165
42	166
53	167
60	168
38	169
11	170
56	171
23	172
53	173
17	174
38	175
17	176
19	177
33	178
65	179
34	180
60	181
66	182
51	183
39	184
42	185
56	186
17	187
53	188
62	189
57	190
10	191
57	192
39	193
55	194
38	195
53	196
33	197
26	198
26	199
56	200
34	201
52	202
17	203
37	204
56	205
56	206
34	207
16	208
51	209
64	210
51	211
17	212
66	213
17	214
60	215
38	216
18	217
53	218
23	219
19	220
34	221
17	222
29	223
11	224
18	225
38	226
29	227
17	228
17	229
17	230
18	231
37	232
6	233
64	234
5	235
46	236
16	237
53	238
24	239
50	240
38	241
23	242
43	243
19	244
24	245
49	246
64	247
41	248
4	249
29	250
61	251
38	252
4	253
56	254
64	255
23	256
37	257
66	258
17	259
18	260
66	261
53	262
17	263
12	264
35	265
38	266
42	267
14	268
61	269
55	270
45	271
11	272
41	273
26	274
8	275
10	276
33	277
66	278
12	279
16	280
53	281
24	282
5	283
34	284
24	285
17	286
55	287
17	288
33	289
33	290
16	291
47	292
64	293
37	294
53	295
49	296
50	297
38	298
53	299
60	300
15	301
55	302
46	303
62	304
23	305
43	306
11	307
17	308
62	309
23	310
64	311
33	312
2	313
55	314
56	315
4	316
65	317
53	318
29	319
65	320
15	321
23	322
23	323
16	324
56	325
38	326
19	327
33	328
19	329
65	330
63	331
38	332
12	333
18	334
56	335
12	336
12	337
4	338
35	339
10	340
53	341
8	342
17	343
38	344
57	345
65	346
60	347
33	348
64	349
38	350
39	351
17	352
33	353
20	354
15	355
17	356
17	357
43	358
45	359
60	360
56	361
41	362
15	363
12	364
17	365
17	366
17	367
14	368
61	369
12	370
61	371
60	372
17	373
19	374
7	375
8	376
56	377
55	378
56	379
7	380
57	381
8	382
56	383
17	384
53	385
17	386
51	387
65	388
56	389
37	390
11	391
65	392
60	393
62	394
60	395
42	396
11	397
20	398
12	399
52	400
35	401
63	402
60	403
60	404
11	405
56	406
11	407
17	408
12	409
17	410
17	411
52	412
18	413
10	414
38	415
60	416
18	417
17	418
12	419
20	420
64	421
12	422
16	423
41	424
5	425
56	426
2	427
64	428
17	429
43	430
56	431
17	432
12	433
24	434
33	435
61	436
55	437
61	438
17	439
38	440
5	441
20	442
59	443
43	444
56	445
60	446
43	447
51	448
64	449
59	450
56	451
46	452
57	453
60	454
2	455
41	456
50	457
3	458
33	459
34	460
8	461
60	462
17	463
41	464
35	465
65	466
51	467
65	468
4	469
33	470
55	471
45	472
46	473
66	474
65	475
61	476
53	477
17	478
55	479
11	480
40	481
65	482
43	483
63	484
60	485
52	486
24	487
56	488
8	489
17	490
52	491
61	492
34	493
57	494
50	495
37	496
45	497
19	498
7	499
24	500
12	501
16	502
7	503
23	504
65	505
60	506
43	507
55	508
49	509
14	510
56	511
56	512
18	513
17	514
50	515
20	516
57	517
34	518
17	519
56	520
12	521
45	522
37	523
42	524
16	525
17	526
66	527
50	528
60	529
64	530
12	531
34	532
33	533
10	534
15	535
6	536
66	537
4	538
38	539
14	540
65	541
33	542
18	543
24	544
51	545
15	546
64	547
18	548
61	549
61	550
34	551
17	552
43	553
12	554
37	555
56	556
17	557
38	558
17	559
16	560
64	561
11	562
10	563
66	564
45	565
57	566
60	567
12	568
17	569
5	570
41	571
2	572
56	573
18	574
41	575
56	576
39	577
63	578
58	579
45	580
55	581
7	582
34	583
19	584
46	585
65	586
32	587
61	588
37	589
45	590
19	591
19	592
11	593
66	594
64	595
26	596
17	597
2	598
4	599
50	600
19	601
45	602
38	603
42	604
50	605
55	606
21	607
17	608
48	609
66	610
17	611
53	612
56	613
24	614
38	615
38	616
45	617
8	618
4	619
64	620
12	621
17	622
17	623
35	624
61	625
51	626
46	627
52	628
23	629
53	630
57	631
62	632
23	633
56	634
62	635
60	636
4	637
51	638
61	639
56	640
61	641
55	642
11	643
56	644
17	645
33	646
19	647
65	648
48	649
18	650
50	651
10	652
37	653
20	654
57	655
41	656
55	657
17	658
61	659
56	660
62	661
17	662
53	663
18	664
34	665
8	666
38	667
56	668
59	669
27	670
61	671
49	672
17	673
53	674
56	675
5	676
34	677
10	678
20	679
33	680
24	681
4	682
11	683
16	684
61	685
24	686
61	687
63	688
56	689
33	690
49	691
58	692
55	693
37	694
36	695
12	696
63	697
56	698
48	699
16	700
64	701
40	702
23	703
19	704
34	705
47	706
17	707
17	708
11	709
10	710
33	711
2	712
51	713
33	714
2	715
33	716
4	717
33	718
45	719
53	720
19	721
51	722
11	723
62	724
45	725
19	726
12	727
66	728
56	729
34	730
59	731
18	732
56	733
43	734
62	735
56	736
48	737
33	738
64	739
33	740
12	741
64	742
53	743
51	744
19	745
42	746
55	747
34	748
18	749
37	750
17	751
53	752
56	753
11	754
35	755
10	756
64	757
53	758
20	759
56	760
53	761
11	762
28	763
24	764
11	765
5	766
64	767
11	768
2	769
17	770
2	771
12	772
38	773
61	774
60	775
56	776
64	777
57	778
55	779
58	780
8	781
62	782
15	783
65	784
17	785
60	786
12	787
17	788
41	789
17	790
12	791
50	792
65	793
17	794
4	795
56	796
20	797
17	798
45	799
66	800
57	801
64	802
35	803
19	804
34	805
56	806
12	807
64	808
19	809
12	810
12	811
7	812
56	813
49	814
17	815
63	816
56	817
19	818
33	819
49	820
17	821
55	822
50	823
2	824
17	825
66	826
52	827
57	828
66	829
64	830
50	831
24	832
8	833
7	834
51	835
51	836
64	837
47	838
57	839
64	840
49	841
12	842
37	843
33	844
56	845
14	846
23	847
60	848
56	849
19	850
17	851
29	852
53	853
57	854
18	855
29	856
38	857
51	858
33	859
29	860
43	861
55	862
19	863
17	864
41	865
58	866
11	867
16	868
53	869
57	870
7	871
64	872
33	873
33	874
17	875
17	876
16	877
50	878
37	879
20	880
3	881
35	882
35	883
64	884
64	885
41	886
49	887
56	888
38	889
49	890
4	891
17	892
65	893
34	894
56	895
17	896
42	897
5	898
33	899
57	900
17	901
65	902
66	903
64	904
43	905
23	906
4	907
51	908
56	909
66	910
56	911
49	912
55	913
50	914
10	915
61	916
64	917
33	918
60	919
19	920
60	921
12	922
56	923
17	924
17	925
12	926
59	927
12	928
56	929
8	930
20	931
53	932
37	933
65	934
64	935
59	936
56	937
45	938
53	939
35	940
64	941
17	942
57	943
24	944
52	945
15	946
20	947
26	948
55	949
20	950
2	951
58	952
17	953
2	954
52	955
26	956
53	957
17	958
8	959
49	960
64	961
64	962
11	963
23	964
23	965
53	966
64	967
17	968
58	969
24	970
6	971
7	972
34	973
17	974
60	975
56	976
33	977
14	978
35	979
35	980
20	981
64	982
8	983
61	984
23	985
42	986
17	987
57	988
17	989
51	990
59	991
64	992
62	993
64	994
62	995
17	996
56	997
49	998
57	999
4	1000
56	1001
51	1002
53	1003
17	1004
56	1005
19	1006
29	1007
26	1008
17	1009
12	1010
60	1011
61	1012
42	1013
4	1014
57	1015
61	1016
18	1017
64	1018
55	1019
10	1020
4	1021
19	1022
56	1023
7	1024
17	1025
57	1026
17	1027
56	1028
24	1029
64	1030
8	1031
59	1032
17	1033
50	1034
38	1035
17	1036
8	1037
66	1038
11	1039
12	1040
2	1041
34	1042
56	1043
24	1044
38	1045
17	1046
4	1047
4	1048
17	1049
20	1050
65	1051
63	1052
3	1053
65	1054
62	1055
60	1056
17	1057
24	1058
12	1059
56	1060
19	1061
14	1062
20	1063
56	1064
64	1065
12	1066
16	1067
60	1068
63	1069
11	1070
61	1071
43	1072
17	1073
10	1074
38	1075
17	1076
66	1077
10	1078
42	1079
26	1080
61	1081
62	1082
41	1083
24	1084
17	1085
16	1086
62	1087
11	1088
6	1089
56	1090
4	1091
4	1092
34	1093
43	1094
64	1095
49	1096
20	1097
19	1098
11	1099
55	1100
64	1101
17	1102
28	1103
5	1104
17	1105
62	1106
57	1107
49	1108
43	1109
56	1110
33	1111
20	1112
7	1113
64	1114
55	1115
48	1116
11	1117
53	1118
48	1119
20	1120
38	1121
24	1122
18	1123
43	1124
33	1125
15	1126
56	1127
51	1128
33	1129
42	1130
66	1131
57	1132
34	1133
2	1134
8	1135
63	1136
60	1137
26	1138
18	1139
48	1140
62	1141
4	1142
37	1143
15	1144
19	1145
17	1146
52	1147
12	1148
49	1149
55	1150
56	1151
55	1152
56	1153
52	1154
42	1155
20	1156
64	1157
19	1158
37	1159
57	1160
56	1161
20	1162
34	1163
19	1164
18	1165
51	1166
53	1167
20	1168
45	1169
64	1170
33	1171
3	1172
17	1173
42	1174
62	1175
42	1176
57	1177
11	1178
64	1179
12	1180
43	1181
39	1182
20	1183
20	1184
56	1185
56	1186
55	1187
2	1188
42	1189
49	1190
33	1191
55	1192
17	1193
43	1194
2	1195
41	1196
12	1197
59	1198
64	1199
52	1200
34	1201
12	1202
17	1203
12	1204
17	1205
2	1206
57	1207
61	1208
64	1209
5	1210
23	1211
62	1212
3	1213
12	1214
60	1215
64	1216
38	1217
60	1218
23	1219
49	1220
65	1221
62	1222
12	1223
53	1224
57	1225
6	1226
60	1227
47	1228
15	1229
64	1230
33	1231
28	1232
17	1233
56	1234
64	1235
45	1236
56	1237
49	1238
64	1239
48	1240
66	1241
56	1242
60	1243
49	1244
55	1245
16	1246
53	1247
34	1248
64	1249
17	1250
45	1251
28	1252
61	1253
8	1254
19	1255
64	1256
42	1257
64	1258
55	1259
15	1260
45	1261
60	1262
34	1263
65	1264
63	1265
38	1266
56	1267
53	1268
17	1269
19	1270
66	1271
53	1272
64	1273
43	1274
50	1275
16	1276
53	1277
46	1278
57	1279
7	1280
3	1281
62	1282
60	1283
18	1284
42	1285
45	1286
19	1287
28	1288
45	1289
65	1290
8	1291
61	1292
56	1293
47	1294
8	1295
55	1296
35	1297
45	1298
64	1299
60	1300
60	1301
34	1302
10	1303
46	1304
4	1305
42	1306
28	1307
41	1308
53	1309
5	1310
12	1311
53	1312
33	1313
63	1314
17	1315
19	1316
57	1317
38	1318
10	1319
42	1320
53	1321
17	1322
45	1323
56	1324
48	1325
64	1326
35	1327
24	1328
57	1329
64	1330
4	1331
60	1332
50	1333
62	1334
37	1335
59	1336
43	1337
37	1338
64	1339
42	1340
10	1341
24	1342
58	1343
56	1344
64	1345
42	1346
65	1347
17	1348
39	1349
35	1350
37	1351
66	1352
12	1353
60	1354
19	1355
23	1356
64	1357
56	1358
16	1359
27	1360
2	1361
41	1362
50	1363
20	1364
42	1365
47	1366
26	1367
17	1368
60	1369
66	1370
23	1371
50	1372
5	1373
17	1374
47	1375
17	1376
50	1377
53	1378
20	1379
64	1380
64	1381
55	1382
56	1383
23	1384
50	1385
8	1386
63	1387
18	1388
14	1389
2	1390
35	1391
4	1392
24	1393
11	1394
42	1395
10	1396
5	1397
5	1398
33	1399
33	1400
38	1401
18	1402
66	1403
64	1404
12	1405
64	1406
55	1407
38	1408
62	1409
57	1410
18	1411
33	1412
12	1413
51	1414
56	1415
49	1416
16	1417
56	1418
19	1419
57	1420
17	1421
17	1422
10	1423
59	1424
8	1425
42	1426
46	1427
11	1428
10	1429
56	1430
60	1431
50	1432
65	1433
17	1434
66	1435
35	1436
20	1437
11	1438
56	1439
60	1440
65	1441
12	1442
10	1443
64	1444
37	1445
10	1446
2	1447
55	1448
64	1449
26	1450
55	1451
12	1452
28	1453
45	1454
47	1455
2	1456
42	1457
51	1458
17	1459
34	1460
34	1461
17	1462
6	1463
50	1464
23	1465
60	1466
64	1467
33	1468
51	1469
45	1470
33	1471
11	1472
19	1473
33	1474
19	1475
24	1476
6	1477
16	1478
37	1479
64	1480
12	1481
56	1482
55	1483
45	1484
56	1485
60	1486
52	1487
56	1488
17	1489
17	1490
17	1491
38	1492
17	1493
26	1494
11	1495
24	1496
60	1497
17	1498
43	1499
17	1500
42	1501
64	1502
24	1503
38	1504
56	1505
17	1506
38	1507
56	1508
37	1509
42	1510
17	1511
17	1512
15	1513
56	1514
41	1515
55	1516
38	1517
4	1518
53	1519
33	1520
56	1521
33	1522
66	1523
18	1524
28	1525
11	1526
38	1527
11	1528
35	1529
64	1530
20	1531
20	1532
19	1533
19	1534
2	1535
17	1536
46	1537
33	1538
56	1539
52	1540
49	1541
64	1542
41	1543
33	1544
8	1545
18	1546
60	1547
52	1548
64	1549
33	1550
65	1551
41	1552
19	1553
38	1554
17	1555
56	1556
61	1557
33	1558
17	1559
61	1560
60	1561
19	1562
33	1563
33	1564
14	1565
41	1566
19	1567
33	1568
56	1569
61	1570
45	1571
3	1572
50	1573
8	1574
65	1575
16	1576
38	1577
55	1578
43	1579
56	1580
39	1581
41	1582
60	1583
17	1584
24	1585
55	1586
57	1587
17	1588
17	1589
33	1590
19	1591
43	1592
20	1593
37	1594
45	1595
6	1596
53	1597
14	1598
19	1599
17	1600
18	1601
5	1602
49	1603
12	1604
42	1605
42	1606
23	1607
5	1608
10	1609
33	1610
4	1611
15	1612
23	1613
19	1614
35	1615
34	1616
52	1617
20	1618
2	1619
33	1620
11	1621
38	1622
56	1623
39	1624
50	1625
61	1626
6	1627
20	1628
19	1629
42	1630
19	1631
4	1632
48	1633
61	1634
11	1635
18	1636
17	1637
33	1638
17	1639
17	1640
56	1641
53	1642
48	1643
2	1644
56	1645
28	1646
10	1647
16	1648
55	1649
50	1650
53	1651
61	1652
56	1653
64	1654
38	1655
18	1656
16	1657
17	1658
28	1659
52	1660
4	1661
8	1662
64	1663
6	1664
55	1665
42	1666
35	1667
42	1668
64	1669
63	1670
17	1671
56	1672
38	1673
51	1674
63	1675
41	1676
17	1677
10	1678
8	1679
55	1680
19	1681
50	1682
19	1683
17	1684
60	1685
43	1686
24	1687
2	1688
34	1689
60	1690
45	1691
55	1692
29	1693
56	1694
39	1695
10	1696
38	1697
26	1698
11	1699
17	1700
14	1701
51	1702
61	1703
17	1704
17	1705
20	1706
60	1707
60	1708
45	1709
66	1710
16	1711
34	1712
64	1713
42	1714
12	1715
55	1716
42	1717
60	1718
57	1719
2	1720
17	1721
45	1722
34	1723
47	1724
17	1725
12	1726
66	1727
64	1728
57	1729
12	1730
18	1731
65	1732
19	1733
50	1734
60	1735
17	1736
16	1737
10	1738
53	1739
53	1740
11	1741
64	1742
11	1743
33	1744
26	1745
12	1746
4	1747
66	1748
14	1749
17	1750
11	1751
26	1752
64	1753
23	1754
17	1755
17	1756
12	1757
35	1758
62	1759
3	1760
8	1761
37	1762
17	1763
10	1764
17	1765
28	1766
53	1767
41	1768
56	1769
17	1770
24	1771
17	1772
55	1773
11	1774
17	1775
35	1776
50	1777
17	1778
39	1779
20	1780
38	1781
58	1782
56	1783
48	1784
23	1785
51	1786
29	1787
17	1788
65	1789
17	1790
64	1791
33	1792
11	1793
37	1794
17	1795
12	1796
51	1797
40	1798
41	1799
42	1800
20	1801
18	1802
64	1803
11	1804
63	1805
58	1806
12	1807
43	1808
64	1809
56	1810
10	1811
64	1812
14	1813
62	1814
49	1815
41	1816
53	1817
8	1818
37	1819
2	1820
33	1821
17	1822
41	1823
65	1824
37	1825
7	1826
11	1827
64	1828
27	1829
6	1830
57	1831
33	1832
49	1833
60	1834
35	1835
12	1836
11	1837
26	1838
12	1839
51	1840
53	1841
11	1842
24	1843
49	1844
55	1845
33	1846
20	1847
7	1848
17	1849
60	1850
64	1851
61	1852
23	1853
16	1854
14	1855
19	1856
57	1857
19	1858
57	1859
66	1860
17	1861
18	1862
62	1863
12	1864
18	1865
56	1866
58	1867
38	1868
20	1869
52	1870
24	1871
16	1872
34	1873
29	1874
8	1875
55	1876
43	1877
10	1878
17	1879
35	1880
59	1881
51	1882
2	1883
17	1884
17	1885
61	1886
56	1887
55	1888
43	1889
56	1890
64	1891
64	1892
24	1893
60	1894
64	1895
20	1896
17	1897
43	1898
38	1899
16	1900
60	1901
38	1902
17	1903
37	1904
33	1905
33	1906
20	1907
37	1908
17	1909
64	1910
56	1911
61	1912
20	1913
58	1914
60	1915
59	1916
47	1917
12	1918
57	1919
17	1920
33	1921
56	1922
65	1923
33	1924
26	1925
51	1926
52	1927
7	1928
24	1929
11	1930
35	1931
16	1932
64	1933
17	1934
4	1935
38	1936
45	1937
56	1938
10	1939
55	1940
53	1941
60	1942
20	1943
60	1944
37	1945
38	1946
19	1947
62	1948
55	1949
44	1950
34	1951
17	1952
42	1953
20	1954
19	1955
17	1956
60	1957
19	1958
57	1959
12	1960
20	1961
20	1962
34	1963
7	1964
26	1965
42	1966
20	1967
34	1968
45	1969
28	1970
33	1971
4	1972
17	1973
24	1974
56	1975
27	1976
33	1977
64	1978
65	1979
61	1980
12	1981
4	1982
17	1983
38	1984
61	1985
40	1986
41	1987
12	1988
64	1989
11	1990
18	1991
64	1992
17	1993
30	1994
19	1995
17	1996
26	1997
53	1998
65	1999
64	2000
45	2001
33	2002
55	2003
4	2004
55	2005
24	2006
11	2007
10	2008
20	2009
66	2010
64	2011
17	2012
20	2013
60	2014
53	2015
64	2016
51	2017
42	2018
7	2019
50	2020
56	2021
57	2022
49	2023
2	2024
51	2025
33	2026
16	2027
50	2028
50	2029
28	2030
12	2031
17	2032
3	2033
66	2034
16	2035
55	2036
57	2037
2	2038
17	2039
42	2040
55	2041
17	2042
60	2043
62	2044
12	2045
4	2046
26	2047
20	2048
33	2049
35	2050
28	2051
56	2052
49	2053
33	2054
17	2055
51	2056
56	2057
59	2058
42	2059
42	2060
33	2061
23	2062
7	2063
52	2064
63	2065
8	2066
53	2067
52	2068
33	2069
65	2070
48	2071
65	2072
4	2073
60	2074
10	2075
49	2076
63	2077
64	2078
18	2079
5	2080
17	2081
34	2082
12	2083
2	2084
52	2085
11	2086
56	2087
12	2088
34	2089
2	2090
55	2091
17	2092
55	2093
26	2094
53	2095
65	2096
6	2097
24	2098
61	2099
24	2100
41	2101
11	2102
65	2103
33	2104
61	2105
52	2106
38	2107
56	2108
51	2109
34	2110
56	2111
35	2112
18	2113
17	2114
56	2115
56	2116
55	2117
19	2118
35	2119
20	2120
17	2121
57	2122
11	2123
48	2124
49	2125
5	2126
4	2127
35	2128
17	2129
51	2130
10	2131
52	2132
23	2133
46	2134
17	2135
3	2136
17	2137
64	2138
40	2139
63	2140
42	2141
60	2142
52	2143
2	2144
62	2145
38	2146
33	2147
18	2148
19	2149
12	2150
23	2151
11	2152
55	2153
33	2154
63	2155
2	2156
10	2157
24	2158
43	2159
2	2160
55	2161
12	2162
33	2163
57	2164
4	2165
11	2166
63	2167
33	2168
3	2169
11	2170
61	2171
12	2172
34	2173
64	2174
66	2175
15	2176
66	2177
17	2178
49	2179
49	2180
57	2181
4	2182
16	2183
17	2184
17	2185
53	2186
55	2187
57	2188
61	2189
52	2190
61	2191
12	2192
52	2193
55	2194
42	2195
45	2196
56	2197
53	2198
11	2199
57	2200
37	2201
53	2202
2	2203
8	2204
35	2205
43	2206
59	2207
57	2208
34	2209
50	2210
18	2211
49	2212
33	2213
56	2214
7	2215
41	2216
16	2217
39	2218
45	2219
12	2220
4	2221
60	2222
8	2223
38	2224
60	2225
24	2226
4	2227
51	2228
59	2229
61	2230
60	2231
66	2232
41	2233
33	2234
56	2235
17	2236
65	2237
49	2238
62	2239
38	2240
64	2241
18	2242
60	2243
17	2244
12	2245
38	2246
56	2247
34	2248
19	2249
43	2250
61	2251
18	2252
64	2253
15	2254
33	2255
12	2256
4	2257
17	2258
19	2259
53	2260
17	2261
45	2262
2	2263
55	2264
38	2265
34	2266
41	2267
51	2268
43	2269
4	2270
60	2271
35	2272
20	2273
19	2274
23	2275
50	2276
62	2277
38	2278
17	2279
17	2280
26	2281
34	2282
57	2283
65	2284
17	2285
64	2286
64	2287
12	2288
28	2289
64	2290
11	2291
61	2292
4	2293
20	2294
17	2295
52	2296
4	2297
53	2298
57	2299
33	2300
41	2301
10	2302
20	2303
19	2304
2	2305
33	2306
8	2307
41	2308
4	2309
56	2310
6	2311
3	2312
55	2313
5	2314
17	2315
24	2316
8	2317
56	2318
12	2319
60	2320
60	2321
33	2322
19	2323
19	2324
17	2325
56	2326
42	2327
56	2328
12	2329
56	2330
24	2331
17	2332
10	2333
19	2334
12	2335
61	2336
17	2337
19	2338
20	2339
64	2340
8	2341
24	2342
17	2343
19	2344
60	2345
12	2346
64	2347
4	2348
24	2349
10	2350
24	2351
37	2352
60	2353
17	2354
55	2355
34	2356
52	2357
53	2358
23	2359
64	2360
8	2361
53	2362
47	2363
42	2364
41	2365
60	2366
7	2367
64	2368
52	2369
43	2370
60	2371
33	2372
65	2373
66	2374
41	2375
56	2376
6	2377
55	2378
18	2379
47	2380
56	2381
56	2382
60	2383
10	2384
38	2385
60	2386
64	2387
51	2388
56	2389
46	2390
62	2391
64	2392
37	2393
19	2394
64	2395
46	2396
55	2397
20	2398
61	2399
10	2400
61	2401
41	2402
33	2403
17	2404
60	2405
19	2406
12	2407
48	2408
11	2409
12	2410
23	2411
49	2412
60	2413
43	2414
66	2415
17	2416
56	2417
57	2418
34	2419
60	2420
64	2421
49	2422
62	2423
43	2424
60	2425
8	2426
57	2427
7	2428
12	2429
55	2430
53	2431
2	2432
58	2433
62	2434
64	2435
65	2436
64	2437
56	2438
56	2439
17	2440
51	2441
65	2442
65	2443
45	2444
51	2445
19	2446
61	2447
45	2448
53	2449
26	2450
53	2451
2	2452
33	2453
17	2454
45	2455
43	2456
23	2457
60	2458
17	2459
52	2460
59	2461
4	2462
60	2463
46	2464
47	2465
33	2466
10	2467
26	2468
49	2469
28	2470
53	2471
51	2472
24	2473
41	2474
62	2475
17	2476
56	2477
41	2478
55	2479
52	2480
42	2481
61	2482
6	2483
41	2484
17	2485
24	2486
37	2487
42	2488
37	2489
55	2490
18	2491
56	2492
10	2493
33	2494
57	2495
42	2496
11	2497
61	2498
45	2499
55	2500
8	2501
7	2502
17	2503
14	2504
20	2505
16	2506
49	2507
61	2508
7	2509
47	2510
17	2511
33	2512
17	2513
2	2514
42	2515
33	2516
19	2517
24	2518
61	2519
20	2520
42	2521
56	2522
18	2523
63	2524
58	2525
56	2526
64	2527
65	2528
2	2529
17	2530
11	2531
48	2532
15	2533
53	2534
60	2535
52	2536
56	2537
24	2538
56	2539
26	2540
18	2541
65	2542
17	2543
17	2544
41	2545
19	2546
19	2547
20	2548
33	2549
23	2550
17	2551
42	2552
56	2553
17	2554
55	2555
56	2556
20	2557
42	2558
47	2559
56	2560
41	2561
56	2562
37	2563
8	2564
49	2565
17	2566
17	2567
55	2568
64	2569
12	2570
11	2571
65	2572
2	2573
42	2574
23	2575
7	2576
56	2577
12	2578
62	2579
14	2580
43	2581
19	2582
17	2583
64	2584
12	2585
55	2586
24	2587
19	2588
38	2589
8	2590
66	2591
17	2592
57	2593
42	2594
53	2595
37	2596
10	2597
57	2598
17	2599
43	2600
49	2601
52	2602
17	2603
57	2604
64	2605
38	2606
20	2607
17	2608
27	2609
17	2610
55	2611
66	2612
41	2613
65	2614
12	2615
53	2616
33	2617
26	2618
17	2619
61	2620
55	2621
61	2622
49	2623
65	2624
14	2625
64	2626
20	2627
58	2628
64	2629
63	2630
10	2631
64	2632
38	2633
55	2634
45	2635
17	2636
17	2637
56	2638
33	2639
27	2640
63	2641
42	2642
12	2643
20	2644
17	2645
61	2646
50	2647
37	2648
2	2649
23	2650
12	2651
38	2652
16	2653
17	2654
2	2655
35	2656
16	2657
55	2658
38	2659
47	2660
8	2661
60	2662
52	2663
12	2664
10	2665
8	2666
63	2667
42	2668
20	2669
33	2670
15	2671
23	2672
38	2673
42	2674
60	2675
19	2676
12	2677
50	2678
4	2679
57	2680
23	2681
28	2682
19	2683
4	2684
56	2685
62	2686
61	2687
47	2688
64	2689
38	2690
18	2691
60	2692
16	2693
57	2694
45	2695
16	2696
56	2697
50	2698
19	2699
17	2700
61	2701
56	2702
24	2703
20	2704
17	2705
2	2706
34	2707
11	2708
28	2709
66	2710
33	2711
23	2712
38	2713
33	2714
26	2715
52	2716
2	2717
43	2718
12	2719
56	2720
59	2721
45	2722
56	2723
56	2724
12	2725
45	2726
10	2727
17	2728
45	2729
55	2730
19	2731
20	2732
42	2733
59	2734
65	2735
20	2736
10	2737
35	2738
47	2739
10	2740
24	2741
13	2742
2	2743
17	2744
17	2745
61	2746
8	2747
61	2748
47	2749
45	2750
38	2751
60	2752
60	2753
64	2754
55	2755
60	2756
43	2757
51	2758
55	2759
38	2760
56	2761
49	2762
42	2763
33	2764
60	2765
7	2766
34	2767
20	2768
45	2769
35	2770
63	2771
45	2772
61	2773
64	2774
23	2775
45	2776
64	2777
33	2778
35	2779
53	2780
2	2781
8	2782
64	2783
56	2784
16	2785
17	2786
61	2787
66	2788
43	2789
17	2790
56	2791
10	2792
66	2793
11	2794
50	2795
17	2796
11	2797
60	2798
52	2799
19	2800
19	2801
61	2802
2	2803
20	2804
62	2805
17	2806
17	2807
49	2808
45	2809
61	2810
37	2811
35	2812
12	2813
16	2814
19	2815
53	2816
66	2817
23	2818
64	2819
24	2820
2	2821
45	2822
2	2823
33	2824
33	2825
19	2826
56	2827
17	2828
38	2829
53	2830
61	2831
45	2832
12	2833
55	2834
24	2835
20	2836
56	2837
61	2838
38	2839
51	2840
55	2841
56	2842
6	2843
4	2844
50	2845
64	2846
51	2847
17	2848
19	2849
33	2850
17	2851
41	2852
20	2853
55	2854
62	2855
64	2856
60	2857
33	2858
12	2859
33	2860
15	2861
49	2862
11	2863
20	2864
33	2865
33	2866
60	2867
26	2868
12	2869
10	2870
58	2871
24	2872
60	2873
49	2874
61	2875
60	2876
41	2877
20	2878
52	2879
28	2880
51	2881
57	2882
17	2883
56	2884
24	2885
24	2886
12	2887
5	2888
26	2889
43	2890
23	2891
18	2892
61	2893
28	2894
64	2895
23	2896
56	2897
12	2898
64	2899
63	2900
20	2901
57	2902
20	2903
38	2904
17	2905
28	2906
11	2907
49	2908
63	2909
64	2910
64	2911
56	2912
59	2913
42	2914
17	2915
52	2916
10	2917
17	2918
60	2919
33	2920
18	2921
65	2922
60	2923
43	2924
8	2925
62	2926
47	2927
12	2928
53	2929
51	2930
33	2931
20	2932
10	2933
60	2934
6	2935
17	2936
42	2937
61	2938
57	2939
52	2940
34	2941
11	2942
33	2943
38	2944
19	2945
17	2946
33	2947
33	2948
37	2949
64	2950
24	2951
17	2952
43	2953
51	2954
41	2955
17	2956
12	2957
53	2958
17	2959
19	2960
63	2961
33	2962
33	2963
38	2964
65	2965
38	2966
64	2967
10	2968
10	2969
61	2970
45	2971
16	2972
60	2973
18	2974
45	2975
19	2976
35	2977
4	2978
60	2979
59	2980
2	2981
17	2982
57	2983
50	2984
62	2985
10	2986
2	2987
12	2988
2	2989
17	2990
18	2991
18	2992
19	2993
66	2994
12	2995
20	2996
60	2997
62	2998
18	2999
47	3000
23	3001
64	3002
64	3003
10	3004
20	3005
41	3006
64	3007
55	3008
34	3009
24	3010
20	3011
66	3012
64	3013
20	3014
59	3015
56	3016
50	3017
65	3018
17	3019
17	3020
33	3021
47	3022
12	3023
66	3024
57	3025
17	3026
19	3027
60	3028
38	3029
64	3030
33	3031
58	3032
64	3033
19	3034
2	3035
17	3036
65	3037
64	3038
56	3039
43	3040
17	3041
17	3042
17	3043
18	3044
64	3045
56	3046
17	3047
38	3048
58	3049
53	3050
38	3051
62	3052
57	3053
56	3054
8	3055
42	3056
56	3057
62	3058
35	3059
37	3060
33	3061
38	3062
48	3063
35	3064
21	3065
38	3066
2	3067
56	3068
11	3069
17	3070
65	3071
19	3072
12	3073
2	3074
62	3075
62	3076
57	3077
52	3078
53	3079
50	3080
23	3081
62	3082
60	3083
28	3084
24	3085
24	3086
55	3087
12	3088
43	3089
2	3090
18	3091
57	3092
42	3093
18	3094
55	3095
4	3096
17	3097
41	3098
45	3099
16	3100
26	3101
50	3102
8	3103
33	3104
42	3105
11	3106
17	3107
8	3108
17	3109
37	3110
59	3111
27	3112
17	3113
61	3114
12	3115
17	3116
10	3117
47	3118
8	3119
27	3120
7	3121
4	3122
8	3123
64	3124
14	3125
43	3126
62	3127
10	3128
19	3129
34	3130
65	3131
38	3132
57	3133
23	3134
24	3135
63	3136
20	3137
17	3138
3	3139
64	3140
61	3141
17	3142
57	3143
17	3144
18	3145
45	3146
17	3147
43	3148
16	3149
66	3150
26	3151
43	3152
61	3153
17	3154
17	3155
53	3156
17	3157
17	3158
18	3159
64	3160
4	3161
62	3162
60	3163
62	3164
66	3165
20	3166
17	3167
33	3168
18	3169
55	3170
56	3171
4	3172
5	3173
7	3174
34	3175
50	3176
49	3177
8	3178
20	3179
56	3180
37	3181
64	3182
45	3183
66	3184
47	3185
37	3186
33	3187
17	3188
33	3189
64	3190
55	3191
8	3192
56	3193
24	3194
17	3195
19	3196
16	3197
17	3198
12	3199
29	3200
14	3201
17	3202
5	3203
12	3204
56	3205
17	3206
57	3207
57	3208
15	3209
38	3210
45	3211
34	3212
33	3213
16	3214
66	3215
12	3216
17	3217
38	3218
8	3219
12	3220
20	3221
52	3222
41	3223
11	3224
12	3225
61	3226
64	3227
20	3228
18	3229
33	3230
60	3231
23	3232
61	3233
53	3234
66	3235
33	3236
23	3237
19	3238
37	3239
56	3240
38	3241
64	3242
20	3243
19	3244
65	3245
57	3246
56	3247
20	3248
53	3249
20	3250
57	3251
60	3252
19	3253
43	3254
38	3255
60	3256
56	3257
55	3258
20	3259
18	3260
47	3261
18	3262
61	3263
19	3264
17	3265
52	3266
56	3267
56	3268
64	3269
34	3270
38	3271
48	3272
52	3273
20	3274
45	3275
64	3276
66	3277
45	3278
64	3279
17	3280
16	3281
17	3282
58	3283
57	3284
34	3285
55	3286
37	3287
18	3288
42	3289
20	3290
17	3291
18	3292
11	3293
41	3294
14	3295
60	3296
41	3297
24	3298
59	3299
66	3300
60	3301
65	3302
11	3303
64	3304
64	3305
23	3306
56	3307
61	3308
2	3309
56	3310
64	3311
2	3312
64	3313
23	3314
66	3315
64	3316
10	3317
57	3318
50	3319
23	3320
62	3321
45	3322
38	3323
51	3324
12	3325
53	3326
60	3327
19	3328
19	3329
12	3330
65	3331
33	3332
11	3333
17	3334
19	3335
12	3336
33	3337
19	3338
56	3339
17	3340
57	3341
66	3342
38	3343
60	3344
33	3345
24	3346
61	3347
18	3348
12	3349
49	3350
57	3351
64	3352
38	3353
61	3354
38	3355
38	3356
42	3357
48	3358
33	3359
53	3360
26	3361
65	3362
17	3363
47	3364
41	3365
24	3366
24	3367
43	3368
12	3369
61	3370
38	3371
56	3372
5	3373
60	3374
2	3375
60	3376
10	3377
17	3378
19	3379
17	3380
17	3381
17	3382
52	3383
17	3384
23	3385
26	3386
61	3387
2	3388
65	3389
17	3390
64	3391
4	3392
33	3393
23	3394
47	3395
59	3396
38	3397
49	3398
61	3399
51	3400
57	3401
18	3402
60	3403
42	3404
20	3405
35	3406
59	3407
56	3408
61	3409
34	3410
14	3411
19	3412
33	3413
61	3414
20	3415
59	3416
19	3417
17	3418
4	3419
17	3420
19	3421
2	3422
10	3423
53	3424
53	3425
11	3426
7	3427
61	3428
8	3429
43	3430
43	3431
55	3432
17	3433
11	3434
26	3435
41	3436
42	3437
4	3438
61	3439
17	3440
42	3441
6	3442
38	3443
55	3444
61	3445
53	3446
14	3447
65	3448
17	3449
17	3450
61	3451
47	3452
11	3453
34	3454
16	3455
42	3456
65	3457
4	3458
4	3459
65	3460
10	3461
33	3462
65	3463
34	3464
19	3465
33	3466
65	3467
53	3468
56	3469
57	3470
49	3471
60	3472
28	3473
12	3474
56	3475
41	3476
19	3477
42	3478
38	3479
38	3480
18	3481
8	3482
33	3483
2	3484
63	3485
64	3486
2	3487
55	3488
41	3489
23	3490
7	3491
17	3492
64	3493
17	3494
23	3495
55	3496
42	3497
61	3498
11	3499
51	3500
17	3501
5	3502
64	3503
56	3504
65	3505
63	3506
17	3507
17	3508
64	3509
55	3510
60	3511
6	3512
19	3513
4	3514
62	3515
56	3516
19	3517
28	3518
60	3519
56	3520
41	3521
64	3522
39	3523
4	3524
56	3525
60	3526
14	3527
56	3528
60	3529
28	3530
53	3531
60	3532
56	3533
57	3534
35	3535
37	3536
60	3537
12	3538
8	3539
64	3540
11	3541
17	3542
61	3543
53	3544
19	3545
17	3546
59	3547
57	3548
63	3549
57	3550
37	3551
64	3552
17	3553
53	3554
17	3555
56	3556
38	3557
66	3558
63	3559
55	3560
43	3561
57	3562
24	3563
6	3564
17	3565
17	3566
45	3567
33	3568
38	3569
11	3570
50	3571
16	3572
35	3573
41	3574
56	3575
2	3576
33	3577
26	3578
12	3579
8	3580
24	3581
62	3582
15	3583
56	3584
53	3585
52	3586
52	3587
14	3588
49	3589
19	3590
65	3591
38	3592
17	3593
38	3594
43	3595
17	3596
12	3597
6	3598
53	3599
45	3600
66	3601
65	3602
57	3603
17	3604
64	3605
20	3606
2	3607
45	3608
4	3609
10	3610
61	3611
55	3612
33	3613
64	3614
23	3615
46	3616
41	3617
33	3618
56	3619
17	3620
65	3621
16	3622
23	3623
47	3624
60	3625
66	3626
41	3627
49	3628
12	3629
17	3630
26	3631
62	3632
41	3633
17	3634
46	3635
62	3636
62	3637
55	3638
60	3639
19	3640
20	3641
50	3642
28	3643
20	3644
28	3645
33	3646
56	3647
61	3648
61	3649
11	3650
24	3651
43	3652
4	3653
61	3654
48	3655
12	3656
20	3657
17	3658
34	3659
17	3660
34	3661
65	3662
20	3663
18	3664
24	3665
7	3666
53	3667
10	3668
56	3669
12	3670
8	3671
33	3672
17	3673
7	3674
2	3675
58	3676
43	3677
20	3678
33	3679
20	3680
16	3681
65	3682
62	3683
51	3684
11	3685
46	3686
66	3687
4	3688
24	3689
48	3690
33	3691
55	3692
34	3693
52	3694
33	3695
18	3696
18	3697
18	3698
43	3699
33	3700
24	3701
49	3702
55	3703
11	3704
56	3705
34	3706
42	3707
19	3708
10	3709
56	3710
42	3711
44	3712
65	3713
20	3714
63	3715
43	3716
57	3717
4	3718
41	3719
65	3720
35	3721
12	3722
3	3723
57	3724
23	3725
16	3726
60	3727
45	3728
45	3729
17	3730
66	3731
38	3732
17	3733
4	3734
19	3735
64	3736
42	3737
34	3738
65	3739
41	3740
24	3741
11	3742
19	3743
5	3744
64	3745
8	3746
48	3747
2	3748
4	3749
53	3750
4	3751
38	3752
11	3753
60	3754
62	3755
48	3756
53	3757
63	3758
65	3759
24	3760
3	3761
19	3762
61	3763
24	3764
49	3765
64	3766
2	3767
7	3768
55	3769
47	3770
59	3771
17	3772
64	3773
17	3774
38	3775
6	3776
56	3777
14	3778
61	3779
61	3780
65	3781
18	3782
61	3783
14	3784
17	3785
64	3786
11	3787
59	3788
56	3789
8	3790
17	3791
14	3792
19	3793
19	3794
63	3795
18	3796
3	3797
17	3798
61	3799
57	3800
66	3801
17	3802
20	3803
56	3804
4	3805
17	3806
64	3807
63	3808
33	3809
61	3810
7	3811
64	3812
59	3813
24	3814
24	3815
51	3816
64	3817
62	3818
56	3819
2	3820
33	3821
66	3822
10	3823
23	3824
14	3825
53	3826
24	3827
56	3828
55	3829
49	3830
64	3831
8	3832
18	3833
41	3834
24	3835
23	3836
18	3837
11	3838
65	3839
41	3840
33	3841
34	3842
51	3843
66	3844
24	3845
52	3846
28	3847
56	3848
56	3849
17	3850
6	3851
61	3852
33	3853
38	3854
53	3855
38	3856
64	3857
7	3858
2	3859
23	3860
12	3861
42	3862
38	3863
64	3864
60	3865
4	3866
61	3867
17	3868
51	3869
15	3870
63	3871
17	3872
57	3873
10	3874
38	3875
56	3876
10	3877
64	3878
17	3879
64	3880
65	3881
19	3882
42	3883
12	3884
33	3885
65	3886
49	3887
17	3888
40	3889
12	3890
11	3891
23	3892
12	3893
23	3894
3	3895
12	3896
19	3897
65	3898
60	3899
52	3900
26	3901
42	3902
45	3903
38	3904
10	3905
3	3906
59	3907
56	3908
17	3909
27	3910
19	3911
4	3912
39	3913
56	3914
11	3915
57	3916
14	3917
50	3918
34	3919
6	3920
20	3921
57	3922
64	3923
61	3924
45	3925
48	3926
53	3927
27	3928
14	3929
18	3930
58	3931
24	3932
56	3933
10	3934
33	3935
43	3936
63	3937
37	3938
4	3939
42	3940
2	3941
61	3942
17	3943
20	3944
46	3945
17	3946
12	3947
12	3948
55	3949
12	3950
19	3951
60	3952
39	3953
55	3954
39	3955
20	3956
64	3957
12	3958
35	3959
64	3960
12	3961
18	3962
61	3963
20	3964
17	3965
64	3966
4	3967
41	3968
17	3969
12	3970
8	3971
16	3972
12	3973
51	3974
51	3975
64	3976
45	3977
64	3978
64	3979
64	3980
61	3981
20	3982
2	3983
65	3984
17	3985
35	3986
64	3987
8	3988
51	3989
11	3990
47	3991
10	3992
19	3993
51	3994
19	3995
3	3996
11	3997
45	3998
24	3999
14	4000
18	4001
55	4002
61	4003
57	4004
11	4005
64	4006
63	4007
60	4008
64	4009
16	4010
28	4011
57	4012
8	4013
61	4014
61	4015
42	4016
16	4017
19	4018
17	4019
38	4020
5	4021
7	4022
33	4023
4	4024
52	4025
4	4026
60	4027
65	4028
17	4029
8	4030
23	4031
57	4032
45	4033
19	4034
20	4035
45	4036
55	4037
49	4038
41	4039
50	4040
62	4041
23	4042
4	4043
60	4044
33	4045
19	4046
15	4047
18	4048
12	4049
49	4050
64	4051
26	4052
11	4053
60	4054
17	4055
56	4056
62	4057
64	4058
33	4059
62	4060
17	4061
19	4062
18	4063
23	4064
56	4065
42	4066
60	4067
56	4068
63	4069
8	4070
56	4071
38	4072
51	4073
19	4074
17	4075
16	4076
24	4077
17	4078
18	4079
4	4080
11	4081
34	4082
64	4083
56	4084
61	4085
33	4086
49	4087
11	4088
4	4089
51	4090
15	4091
45	4092
33	4093
2	4094
64	4095
41	4096
50	4097
57	4098
56	4099
28	4100
17	4101
24	4102
56	4103
56	4104
38	4105
50	4106
20	4107
60	4108
56	4109
55	4110
62	4111
34	4112
49	4113
56	4114
47	4115
26	4116
62	4117
15	4118
12	4119
66	4120
40	4121
49	4122
42	4123
18	4124
27	4125
60	4126
57	4127
6	4128
55	4129
59	4130
56	4131
59	4132
4	4133
24	4134
19	4135
16	4136
45	4137
19	4138
17	4139
20	4140
52	4141
19	4142
33	4143
56	4144
60	4145
17	4146
33	4147
66	4148
43	4149
45	4150
18	4151
11	4152
64	4153
64	4154
38	4155
33	4156
45	4157
17	4158
55	4159
35	4160
37	4161
17	4162
64	4163
48	4164
23	4165
49	4166
17	4167
64	4168
45	4169
64	4170
10	4171
42	4172
27	4173
6	4174
51	4175
62	4176
16	4177
41	4178
51	4179
55	4180
7	4181
17	4182
45	4183
4	4184
41	4185
65	4186
41	4187
60	4188
59	4189
4	4190
2	4191
17	4192
33	4193
2	4194
20	4195
35	4196
55	4197
38	4198
18	4199
66	4200
56	4201
33	4202
56	4203
18	4204
63	4205
18	4206
38	4207
17	4208
8	4209
65	4210
27	4211
17	4212
17	4213
36	4214
11	4215
56	4216
47	4217
57	4218
66	4219
12	4220
11	4221
17	4222
19	4223
55	4224
8	4225
62	4226
58	4227
57	4228
19	4229
56	4230
56	4231
55	4232
2	4233
33	4234
28	4235
20	4236
14	4237
17	4238
4	4239
60	4240
57	4241
15	4242
12	4243
33	4244
62	4245
20	4246
12	4247
19	4248
56	4249
26	4250
11	4251
14	4252
33	4253
60	4254
38	4255
56	4256
33	4257
17	4258
64	4259
17	4260
65	4261
38	4262
17	4263
17	4264
26	4265
19	4266
33	4267
60	4268
38	4269
52	4270
39	4271
64	4272
18	4273
59	4274
61	4275
33	4276
45	4277
43	4278
41	4279
56	4280
60	4281
41	4282
63	4283
17	4284
57	4285
23	4286
47	4287
56	4288
42	4289
24	4290
57	4291
23	4292
62	4293
62	4294
12	4295
55	4296
56	4297
45	4298
24	4299
20	4300
60	4301
37	4302
38	4303
64	4304
11	4305
64	4306
12	4307
64	4308
56	4309
6	4310
11	4311
19	4312
17	4313
24	4314
65	4315
60	4316
16	4317
52	4318
20	4319
53	4320
59	4321
3	4322
45	4323
17	4324
56	4325
4	4326
47	4327
60	4328
17	4329
56	4330
53	4331
8	4332
53	4333
64	4334
8	4335
20	4336
55	4337
55	4338
17	4339
6	4340
64	4341
23	4342
56	4343
51	4344
51	4345
35	4346
33	4347
51	4348
56	4349
10	4350
38	4351
34	4352
61	4353
20	4354
45	4355
42	4356
26	4357
17	4358
23	4359
45	4360
19	4361
10	4362
17	4363
56	4364
33	4365
33	4366
17	4367
51	4368
33	4369
15	4370
24	4371
45	4372
11	4373
23	4374
20	4375
33	4376
52	4377
24	4378
60	4379
33	4380
36	4381
17	4382
64	4383
55	4384
24	4385
63	4386
20	4387
45	4388
57	4389
10	4390
15	4391
17	4392
24	4393
23	4394
4	4395
49	4396
23	4397
18	4398
56	4399
6	4400
56	4401
16	4402
2	4403
10	4404
20	4405
50	4406
59	4407
55	4408
51	4409
65	4410
23	4411
17	4412
64	4413
33	4414
17	4415
49	4416
45	4417
60	4418
6	4419
39	4420
33	4421
17	4422
61	4423
53	4424
33	4425
56	4426
52	4427
35	4428
33	4429
38	4430
8	4431
10	4432
50	4433
14	4434
45	4435
17	4436
39	4437
60	4438
45	4439
65	4440
3	4441
11	4442
56	4443
34	4444
43	4445
20	4446
43	4447
42	4448
11	4449
64	4450
56	4451
23	4452
24	4453
8	4454
61	4455
50	4456
62	4457
41	4458
62	4459
20	4460
57	4461
19	4462
52	4463
17	4464
33	4465
60	4466
62	4467
11	4468
19	4469
45	4470
11	4471
43	4472
10	4473
39	4474
64	4475
33	4476
20	4477
27	4478
19	4479
64	4480
53	4481
45	4482
50	4483
58	4484
60	4485
17	4486
55	4487
47	4488
52	4489
3	4490
61	4491
57	4492
2	4493
2	4494
4	4495
28	4496
17	4497
63	4498
64	4499
26	4500
56	4501
12	4502
17	4503
20	4504
17	4505
17	4506
61	4507
24	4508
4	4509
53	4510
53	4511
2	4512
19	4513
38	4514
53	4515
12	4516
17	4517
10	4518
62	4519
60	4520
64	4521
33	4522
50	4523
17	4524
2	4525
12	4526
55	4527
57	4528
65	4529
56	4530
33	4531
38	4532
4	4533
33	4534
60	4535
34	4536
61	4537
37	4538
38	4539
18	4540
56	4541
37	4542
55	4543
8	4544
